"","year","myvar","account"
"1",2005,"population",331036
"2",2005,"population_per",0
"3",2005,"young",129049
"4",2005,"middle_aged",196046
"5",2005,"old",5941
"6",2005,"female",165800
"7",2005,"male",165236
"8",2005,"widowed",4205
"9",2005,"divorced",24630
"10",2005,"separated",6913
"11",2005,"never_married_or_under_15_years_old",121175
"12",2005,"u_s_citizen_by_naturalization",274
"13",2005,"not_a_citizen_of_the_u_s",1756
"14",2005,"us_citizen_by_naturalization",78244
"15",2005,"not_a_citizen_of_the_us",252792
"16",2005,"entered_us_before_2000",177333
"17",2005,"entered_us_in_2000_or_later",153703
"18",2005,"speaks_english_less_than_very_well",174929
"19",2005,"speaks_english_very_well",156107
"20",2005,"males_in_civilian_labor_force",130679
"21",2005,"females_in_civilian_labor_force",98390
"22",2005,"unemployed_males",6108
"23",2005,"unemployed_females",5916
"24",2005,"private_wage_and_salary_workers",201253
"25",2005,"government_workers",14409
"26",2005,"self_employed_not_incorporated",35899
"27",2005,"self_employed_incorporated",9953
"28",2005,"accommodation_and_food_services_and_arts_entertainment_and_recreation",38466
"29",2005,"construction",43483
"30",2005,"education",15618
"31",2005,"finance_insurance_and_real_estate",15330
"32",2005,"health_care_social_assistance",17770
"33",2005,"information",4580
"34",2005,"manufacturing",17622
"35",2005,"other_services",30498
"36",2005,"professional_scientific_management_and_administrative_services",37480
"37",2005,"public_administration",4295
"38",2005,"retail",20674
"39",2005,"transportation_warehousing_utilities_natural_resources",10251
"40",2005,"wholesale_trade",6100
"41",2005,"other",1611
"42",2005,"management_professional",99042
"43",2005,"services",84896
"44",2005,"sales_and_office",49016
"45",2005,"construction_and_extracion",41228
"46",2005,"maintenance_and_repair",3960
"47",2005,"production_transportation_and_material_moving",28492
"48",2005,"educational_instruction_and_library_occupations",10364
"49",2005,"arts_design_entertainment_sports_and_media_occupations",5796
"50",2005,"healthcare_practitioner_and_technical_occupations",5779
"51",2005,"other_2",0
"52",2005,"individuals_below_poverty",36584
"53",2005,"individuals_above_poverty",294000
"54",2005,"not_determined",0
"55",2005,"median_personal_earnings",21040
"56",2005,"median_personal_earnings_excl_0_and_neg",26416.89
"57",2005,"less_than_high_school",49014
"58",2005,"high_school_graduate_ged_or_alternative_credential",76020
"59",2005,"some_college_associate_degree",50446
"60",2005,"bachelors_degree_or_higher",78248
"61",2006,"population",342977
"62",2006,"population_per",3.61
"63",2006,"young",125978
"64",2006,"middle_aged",209695
"65",2006,"old",7304
"66",2006,"female",174205
"67",2006,"male",168772
"68",2006,"widowed",5251
"69",2006,"divorced",26169
"70",2006,"separated",7434
"71",2006,"never_married_or_under_15_years_old",117338
"72",2006,"u_s_citizen_by_naturalization",457
"73",2006,"not_a_citizen_of_the_u_s",913
"74",2006,"us_citizen_by_naturalization",81833
"75",2006,"not_a_citizen_of_the_us",261144
"76",2006,"entered_us_before_2000",179125
"77",2006,"entered_us_in_2000_or_later",163852
"78",2006,"speaks_english_less_than_very_well",177374
"79",2006,"speaks_english_very_well",165603
"80",2006,"males_in_civilian_labor_force",137427
"81",2006,"females_in_civilian_labor_force",107201
"82",2006,"unemployed_males",5725
"83",2006,"unemployed_females",5022
"84",2006,"private_wage_and_salary_workers",212778
"85",2006,"government_workers",14652
"86",2006,"self_employed_not_incorporated",35393
"87",2006,"self_employed_incorporated",13512
"88",2006,"accommodation_and_food_services_and_arts_entertainment_and_recreation",42035
"89",2006,"construction",49577
"90",2006,"education",13497
"91",2006,"finance_insurance_and_real_estate",17344
"92",2006,"health_care_social_assistance",16171
"93",2006,"information",6312
"94",2006,"manufacturing",19774
"95",2006,"other_services",35334
"96",2006,"professional_scientific_management_and_administrative_services",34883
"97",2006,"public_administration",3930
"98",2006,"retail",21646
"99",2006,"transportation_warehousing_utilities_natural_resources",11336
"100",2006,"wholesale_trade",5732
"101",2006,"other",1374
"102",2006,"management_professional",100142
"103",2006,"services",89588
"104",2006,"sales_and_office",51716
"105",2006,"construction_and_extracion",44446
"106",2006,"maintenance_and_repair",5449
"107",2006,"production_transportation_and_material_moving",26339
"108",2006,"educational_instruction_and_library_occupations",11122
"109",2006,"arts_design_entertainment_sports_and_media_occupations",7744
"110",2006,"healthcare_practitioner_and_technical_occupations",4175
"111",2006,"other_2",0
"112",2006,"individuals_below_poverty",37172
"113",2006,"individuals_above_poverty",302652
"114",2006,"not_determined",0
"115",2006,"median_personal_earnings",17213.33
"116",2006,"median_personal_earnings_excl_0_and_neg",23899.79
"117",2006,"less_than_high_school",40506
"118",2006,"high_school_graduate_ged_or_alternative_credential",87386
"119",2006,"some_college_associate_degree",56742
"120",2006,"bachelors_degree_or_higher",81790
"121",2007,"population",344929
"122",2007,"population_per",0.57
"123",2007,"young",118523
"124",2007,"middle_aged",217670
"125",2007,"old",8736
"126",2007,"female",174204
"127",2007,"male",170725
"128",2007,"widowed",7866
"129",2007,"divorced",27647
"130",2007,"separated",9759
"131",2007,"never_married_or_under_15_years_old",116578
"132",2007,"u_s_citizen_by_naturalization",114
"133",2007,"not_a_citizen_of_the_u_s",396
"134",2007,"us_citizen_by_naturalization",85455
"135",2007,"not_a_citizen_of_the_us",259474
"136",2007,"entered_us_before_2000",171617
"137",2007,"entered_us_in_2000_or_later",173312
"138",2007,"speaks_english_less_than_very_well",175042
"139",2007,"speaks_english_very_well",169887
"140",2007,"males_in_civilian_labor_force",138795
"141",2007,"females_in_civilian_labor_force",104836
"142",2007,"unemployed_males",4973
"143",2007,"unemployed_females",4960
"144",2007,"private_wage_and_salary_workers",205490
"145",2007,"government_workers",12315
"146",2007,"self_employed_not_incorporated",43860
"147",2007,"self_employed_incorporated",13320
"148",2007,"accommodation_and_food_services_and_arts_entertainment_and_recreation",34373
"149",2007,"construction",59288
"150",2007,"education",13047
"151",2007,"finance_insurance_and_real_estate",11950
"152",2007,"health_care_social_assistance",16468
"153",2007,"information",5432
"154",2007,"manufacturing",18603
"155",2007,"other_services",37881
"156",2007,"professional_scientific_management_and_administrative_services",38579
"157",2007,"public_administration",2606
"158",2007,"retail",20068
"159",2007,"transportation_warehousing_utilities_natural_resources",11122
"160",2007,"wholesale_trade",6617
"161",2007,"other",1035
"162",2007,"management_professional",34629
"163",2007,"services",88698
"164",2007,"sales_and_office",45822
"165",2007,"construction_and_extracion",54489
"166",2007,"maintenance_and_repair",4455
"167",2007,"production_transportation_and_material_moving",25919
"168",2007,"educational_instruction_and_library_occupations",9433
"169",2007,"arts_design_entertainment_sports_and_media_occupations",6627
"170",2007,"healthcare_practitioner_and_technical_occupations",5277
"171",2007,"other_2",0
"172",2007,"individuals_below_poverty",37782
"173",2007,"individuals_above_poverty",302905
"174",2007,"not_determined",0
"175",2007,"median_personal_earnings",17499.41
"176",2007,"median_personal_earnings_excl_0_and_neg",26609.47
"177",2007,"less_than_high_school",45770
"178",2007,"high_school_graduate_ged_or_alternative_credential",90925
"179",2007,"some_college_associate_degree",55844
"180",2007,"bachelors_degree_or_higher",80178
"181",2008,"population",334534
"182",2008,"population_per",-3.01
"183",2008,"young",113073
"184",2008,"middle_aged",213578
"185",2008,"old",7883
"186",2008,"female",178604
"187",2008,"male",155930
"188",2008,"widowed",6427
"189",2008,"divorced",27042
"190",2008,"separated",8067
"191",2008,"never_married_or_under_15_years_old",116279
"192",2008,"u_s_citizen_by_naturalization",57
"193",2008,"not_a_citizen_of_the_u_s",416
"194",2008,"us_citizen_by_naturalization",86221
"195",2008,"not_a_citizen_of_the_us",248313
"196",2008,"entered_us_before_2000",164550
"197",2008,"entered_us_in_2000_or_later",169984
"198",2008,"speaks_english_less_than_very_well",156133
"199",2008,"speaks_english_very_well",178401
"200",2008,"males_in_civilian_labor_force",125627
"201",2008,"females_in_civilian_labor_force",117883
"202",2008,"unemployed_males",5068
"203",2008,"unemployed_females",5219
"204",2008,"private_wage_and_salary_workers",189786
"205",2008,"government_workers",17855
"206",2008,"self_employed_not_incorporated",45876
"207",2008,"self_employed_incorporated",13076
"208",2008,"accommodation_and_food_services_and_arts_entertainment_and_recreation",35069
"209",2008,"construction",40674
"210",2008,"education",15662
"211",2008,"finance_insurance_and_real_estate",14358
"212",2008,"health_care_social_assistance",20059
"213",2008,"information",4207
"214",2008,"manufacturing",15638
"215",2008,"other_services",32873
"216",2008,"professional_scientific_management_and_administrative_services",45009
"217",2008,"public_administration",6414
"218",2008,"retail",23342
"219",2008,"transportation_warehousing_utilities_natural_resources",9541
"220",2008,"wholesale_trade",4808
"221",2008,"other",1124
"222",2008,"management_professional",110700
"223",2008,"services",93532
"224",2008,"sales_and_office",44445
"225",2008,"construction_and_extracion",35954
"226",2008,"maintenance_and_repair",5294
"227",2008,"production_transportation_and_material_moving",19710
"228",2008,"educational_instruction_and_library_occupations",10467
"229",2008,"arts_design_entertainment_sports_and_media_occupations",5621
"230",2008,"healthcare_practitioner_and_technical_occupations",6174
"231",2008,"other_2",0
"232",2008,"individuals_below_poverty",37384
"233",2008,"individuals_above_poverty",292208
"234",2008,"not_determined",240
"235",2008,"median_personal_earnings",16791.96
"236",2008,"median_personal_earnings_excl_0_and_neg",22656.52
"237",2008,"less_than_high_school",40216
"238",2008,"high_school_graduate_ged_or_alternative_credential",80066
"239",2008,"some_college_associate_degree",49780
"240",2008,"bachelors_degree_or_higher",91154
"241",2009,"population",356531
"242",2009,"population_per",6.58
"243",2009,"young",118815
"244",2009,"middle_aged",230646
"245",2009,"old",7070
"246",2009,"female",188541
"247",2009,"male",167990
"248",2009,"widowed",6602
"249",2009,"divorced",29799
"250",2009,"separated",11041
"251",2009,"never_married_or_under_15_years_old",117653
"252",2009,"u_s_citizen_by_naturalization",164
"253",2009,"not_a_citizen_of_the_u_s",639
"254",2009,"us_citizen_by_naturalization",87452
"255",2009,"not_a_citizen_of_the_us",269079
"256",2009,"entered_us_before_2000",162601
"257",2009,"entered_us_in_2000_or_later",193930
"258",2009,"speaks_english_less_than_very_well",166501
"259",2009,"speaks_english_very_well",190030
"260",2009,"males_in_civilian_labor_force",139319
"261",2009,"females_in_civilian_labor_force",123252
"262",2009,"unemployed_males",8400
"263",2009,"unemployed_females",8903
"264",2009,"private_wage_and_salary_workers",204032
"265",2009,"government_workers",14351
"266",2009,"self_employed_not_incorporated",53263
"267",2009,"self_employed_incorporated",12721
"268",2009,"accommodation_and_food_services_and_arts_entertainment_and_recreation",32059
"269",2009,"construction",39750
"270",2009,"education",15797
"271",2009,"finance_insurance_and_real_estate",13737
"272",2009,"health_care_social_assistance",19432
"273",2009,"information",5373
"274",2009,"manufacturing",21121
"275",2009,"other_services",43209
"276",2009,"professional_scientific_management_and_administrative_services",50075
"277",2009,"public_administration",4267
"278",2009,"retail",22649
"279",2009,"transportation_warehousing_utilities_natural_resources",11365
"280",2009,"wholesale_trade",6902
"281",2009,"other",2738
"282",2009,"management_professional",116112
"283",2009,"services",99759
"284",2009,"sales_and_office",48075
"285",2009,"construction_and_extracion",34312
"286",2009,"maintenance_and_repair",7251
"287",2009,"production_transportation_and_material_moving",22339
"288",2009,"educational_instruction_and_library_occupations",11484
"289",2009,"arts_design_entertainment_sports_and_media_occupations",6404
"290",2009,"healthcare_practitioner_and_technical_occupations",6455
"291",2009,"other_2",0
"292",2009,"individuals_below_poverty",44038
"293",2009,"individuals_above_poverty",309495
"294",2009,"not_determined",0
"295",2009,"median_personal_earnings",17552.08
"296",2009,"median_personal_earnings_excl_0_and_neg",27720.92
"297",2009,"less_than_high_school",42921
"298",2009,"high_school_graduate_ged_or_alternative_credential",78408
"299",2009,"some_college_associate_degree",65571
"300",2009,"bachelors_degree_or_higher",98489
"301",2010,"population",344714
"302",2010,"population_per",-3.31
"303",2010,"young",98276
"304",2010,"middle_aged",237999
"305",2010,"old",8439
"306",2010,"female",188884
"307",2010,"male",155830
"308",2010,"widowed",6401
"309",2010,"divorced",34002
"310",2010,"separated",9403
"311",2010,"never_married_or_under_15_years_old",105546
"312",2010,"u_s_citizen_by_naturalization",789
"313",2010,"not_a_citizen_of_the_u_s",1403
"314",2010,"us_citizen_by_naturalization",96141
"315",2010,"not_a_citizen_of_the_us",248573
"316",2010,"entered_us_before_2000",161117
"317",2010,"entered_us_in_2000_or_later",183597
"318",2010,"speaks_english_less_than_very_well",152679
"319",2010,"speaks_english_very_well",192035
"320",2010,"males_in_civilian_labor_force",128968
"321",2010,"females_in_civilian_labor_force",120385
"322",2010,"unemployed_males",8764
"323",2010,"unemployed_females",11327
"324",2010,"private_wage_and_salary_workers",194832
"325",2010,"government_workers",16932
"326",2010,"self_employed_not_incorporated",48163
"327",2010,"self_employed_incorporated",13809
"328",2010,"accommodation_and_food_services_and_arts_entertainment_and_recreation",37815
"329",2010,"construction",39927
"330",2010,"education",16214
"331",2010,"finance_insurance_and_real_estate",13803
"332",2010,"health_care_social_assistance",22353
"333",2010,"information",3844
"334",2010,"manufacturing",18530
"335",2010,"other_services",35732
"336",2010,"professional_scientific_management_and_administrative_services",49162
"337",2010,"public_administration",5872
"338",2010,"retail",17832
"339",2010,"transportation_warehousing_utilities_natural_resources",7740
"340",2010,"wholesale_trade",5956
"341",2010,"other",3495
"342",2010,"management_professional",114180
"343",2010,"services",97908
"344",2010,"sales_and_office",44704
"345",2010,"construction_and_extracion",33208
"346",2010,"maintenance_and_repair",3498
"347",2010,"production_transportation_and_material_moving",19820
"348",2010,"educational_instruction_and_library_occupations",11126
"349",2010,"arts_design_entertainment_sports_and_media_occupations",7367
"350",2010,"healthcare_practitioner_and_technical_occupations",8257
"351",2010,"other_2",0
"352",2010,"individuals_below_poverty",41068
"353",2010,"individuals_above_poverty",301201
"354",2010,"not_determined",0
"355",2010,"median_personal_earnings",18327.5
"356",2010,"median_personal_earnings_excl_0_and_neg",29216.67
"357",2010,"less_than_high_school",41661
"358",2010,"high_school_graduate_ged_or_alternative_credential",91233
"359",2010,"some_college_associate_degree",65471
"360",2010,"bachelors_degree_or_higher",93295
"361",2011,"population",334121
"362",2011,"population_per",-3.07
"363",2011,"young",96302
"364",2011,"middle_aged",227730
"365",2011,"old",10089
"366",2011,"female",184603
"367",2011,"male",149518
"368",2011,"widowed",6301
"369",2011,"divorced",32478
"370",2011,"separated",12174
"371",2011,"never_married_or_under_15_years_old",100440
"372",2011,"u_s_citizen_by_naturalization",0
"373",2011,"not_a_citizen_of_the_u_s",1498
"374",2011,"us_citizen_by_naturalization",107353
"375",2011,"not_a_citizen_of_the_us",226768
"376",2011,"entered_us_before_2000",150270
"377",2011,"entered_us_in_2000_or_later",183851
"378",2011,"speaks_english_less_than_very_well",141107
"379",2011,"speaks_english_very_well",193014
"380",2011,"males_in_civilian_labor_force",120882
"381",2011,"females_in_civilian_labor_force",119160
"382",2011,"unemployed_males",7426
"383",2011,"unemployed_females",10676
"384",2011,"private_wage_and_salary_workers",185375
"385",2011,"government_workers",14513
"386",2011,"self_employed_not_incorporated",50413
"387",2011,"self_employed_incorporated",13878
"388",2011,"accommodation_and_food_services_and_arts_entertainment_and_recreation",32656
"389",2011,"construction",30845
"390",2011,"education",15337
"391",2011,"finance_insurance_and_real_estate",14377
"392",2011,"health_care_social_assistance",24230
"393",2011,"information",4318
"394",2011,"manufacturing",16524
"395",2011,"other_services",39981
"396",2011,"professional_scientific_management_and_administrative_services",43491
"397",2011,"public_administration",4697
"398",2011,"retail",18633
"399",2011,"transportation_warehousing_utilities_natural_resources",12820
"400",2011,"wholesale_trade",7041
"401",2011,"other",3058
"402",2011,"management_professional",116489
"403",2011,"services",91404
"404",2011,"sales_and_office",41236
"405",2011,"construction_and_extracion",27177
"406",2011,"maintenance_and_repair",5618
"407",2011,"production_transportation_and_material_moving",22079
"408",2011,"educational_instruction_and_library_occupations",10384
"409",2011,"arts_design_entertainment_sports_and_media_occupations",6577
"410",2011,"healthcare_practitioner_and_technical_occupations",8976
"411",2011,"other_2",0
"412",2011,"individuals_below_poverty",43244
"413",2011,"individuals_above_poverty",287128
"414",2011,"not_determined",14
"415",2011,"median_personal_earnings",19479.6
"416",2011,"median_personal_earnings_excl_0_and_neg",30580.65
"417",2011,"less_than_high_school",37729
"418",2011,"high_school_graduate_ged_or_alternative_credential",79494
"419",2011,"some_college_associate_degree",55401
"420",2011,"bachelors_degree_or_higher",106708
"421",2012,"population",325496
"422",2012,"population_per",-2.58
"423",2012,"young",87015
"424",2012,"middle_aged",226117
"425",2012,"old",12364
"426",2012,"female",186365
"427",2012,"male",139131
"428",2012,"widowed",8518
"429",2012,"divorced",33129
"430",2012,"separated",11243
"431",2012,"never_married_or_under_15_years_old",89672
"432",2012,"u_s_citizen_by_naturalization",0
"433",2012,"not_a_citizen_of_the_u_s",130
"434",2012,"us_citizen_by_naturalization",117346
"435",2012,"not_a_citizen_of_the_us",208150
"436",2012,"entered_us_before_2000",155392
"437",2012,"entered_us_in_2000_or_later",170104
"438",2012,"speaks_english_less_than_very_well",128545
"439",2012,"speaks_english_very_well",196951
"440",2012,"males_in_civilian_labor_force",111409
"441",2012,"females_in_civilian_labor_force",116807
"442",2012,"unemployed_males",6380
"443",2012,"unemployed_females",7414
"444",2012,"private_wage_and_salary_workers",179224
"445",2012,"government_workers",17126
"446",2012,"self_employed_not_incorporated",43484
"447",2012,"self_employed_incorporated",13489
"448",2012,"accommodation_and_food_services_and_arts_entertainment_and_recreation",30247
"449",2012,"construction",27147
"450",2012,"education",17117
"451",2012,"finance_insurance_and_real_estate",16054
"452",2012,"health_care_social_assistance",22732
"453",2012,"information",5540
"454",2012,"manufacturing",14027
"455",2012,"other_services",34398
"456",2012,"professional_scientific_management_and_administrative_services",43276
"457",2012,"public_administration",6529
"458",2012,"retail",19778
"459",2012,"transportation_warehousing_utilities_natural_resources",9868
"460",2012,"wholesale_trade",7255
"461",2012,"other",3323
"462",2012,"management_professional",114842
"463",2012,"services",79517
"464",2012,"sales_and_office",51618
"465",2012,"construction_and_extracion",23878
"466",2012,"maintenance_and_repair",6251
"467",2012,"production_transportation_and_material_moving",17662
"468",2012,"educational_instruction_and_library_occupations",12368
"469",2012,"arts_design_entertainment_sports_and_media_occupations",9000
"470",2012,"healthcare_practitioner_and_technical_occupations",5725
"471",2012,"other_2",0
"472",2012,"individuals_below_poverty",43531
"473",2012,"individuals_above_poverty",278385
"474",2012,"not_determined",0
"475",2012,"median_personal_earnings",22917.62
"476",2012,"median_personal_earnings_excl_0_and_neg",37883
"477",2012,"less_than_high_school",31338
"478",2012,"high_school_graduate_ged_or_alternative_credential",81907
"479",2012,"some_college_associate_degree",62667
"480",2012,"bachelors_degree_or_higher",101159
"481",2013,"population",337117
"482",2013,"population_per",3.57
"483",2013,"young",79735
"484",2013,"middle_aged",244440
"485",2013,"old",12942
"486",2013,"female",188561
"487",2013,"male",148556
"488",2013,"widowed",8123
"489",2013,"divorced",35138
"490",2013,"separated",7964
"491",2013,"never_married_or_under_15_years_old",90966
"492",2013,"u_s_citizen_by_naturalization",0
"493",2013,"not_a_citizen_of_the_u_s",598
"494",2013,"us_citizen_by_naturalization",120878
"495",2013,"not_a_citizen_of_the_us",216239
"496",2013,"entered_us_before_2000",150464
"497",2013,"entered_us_in_2000_or_later",186653
"498",2013,"speaks_english_less_than_very_well",138298
"499",2013,"speaks_english_very_well",198819
"500",2013,"males_in_civilian_labor_force",122837
"501",2013,"females_in_civilian_labor_force",115095
"502",2013,"unemployed_males",5436
"503",2013,"unemployed_females",10075
"504",2013,"private_wage_and_salary_workers",185160
"505",2013,"government_workers",18406
"506",2013,"self_employed_not_incorporated",44753
"507",2013,"self_employed_incorporated",15140
"508",2013,"accommodation_and_food_services_and_arts_entertainment_and_recreation",28584
"509",2013,"construction",34151
"510",2013,"education",18575
"511",2013,"finance_insurance_and_real_estate",14624
"512",2013,"health_care_social_assistance",21947
"513",2013,"information",5835
"514",2013,"manufacturing",16411
"515",2013,"other_services",31460
"516",2013,"professional_scientific_management_and_administrative_services",44004
"517",2013,"public_administration",5006
"518",2013,"retail",23502
"519",2013,"transportation_warehousing_utilities_natural_resources",13764
"520",2013,"wholesale_trade",6832
"521",2013,"other",2681
"522",2013,"management_professional",124727
"523",2013,"services",76098
"524",2013,"sales_and_office",48271
"525",2013,"construction_and_extracion",28139
"526",2013,"maintenance_and_repair",7018
"527",2013,"production_transportation_and_material_moving",19747
"528",2013,"educational_instruction_and_library_occupations",12611
"529",2013,"arts_design_entertainment_sports_and_media_occupations",8241
"530",2013,"healthcare_practitioner_and_technical_occupations",7757
"531",2013,"other_2",0
"532",2013,"individuals_below_poverty",44923
"533",2013,"individuals_above_poverty",287463
"534",2013,"not_determined",38
"535",2013,"median_personal_earnings",21009.8
"536",2013,"median_personal_earnings_excl_0_and_neg",32808.78
"537",2013,"less_than_high_school",34917
"538",2013,"high_school_graduate_ged_or_alternative_credential",78952
"539",2013,"some_college_associate_degree",68924
"540",2013,"bachelors_degree_or_higher",109504
"541",2014,"population",331454
"542",2014,"population_per",-1.68
"543",2014,"young",83881
"544",2014,"middle_aged",235861
"545",2014,"old",11712
"546",2014,"female",184889
"547",2014,"male",146565
"548",2014,"widowed",8375
"549",2014,"divorced",34794
"550",2014,"separated",7709
"551",2014,"never_married_or_under_15_years_old",98877
"552",2014,"u_s_citizen_by_naturalization",196
"553",2014,"not_a_citizen_of_the_u_s",745
"554",2014,"us_citizen_by_naturalization",123562
"555",2014,"not_a_citizen_of_the_us",207892
"556",2014,"entered_us_before_2000",135503
"557",2014,"entered_us_in_2000_or_later",195951
"558",2014,"speaks_english_less_than_very_well",138787
"559",2014,"speaks_english_very_well",192667
"560",2014,"males_in_civilian_labor_force",117057
"561",2014,"females_in_civilian_labor_force",107915
"562",2014,"unemployed_males",4184
"563",2014,"unemployed_females",7087
"564",2014,"private_wage_and_salary_workers",176415
"565",2014,"government_workers",14181
"566",2014,"self_employed_not_incorporated",45481
"567",2014,"self_employed_incorporated",18280
"568",2014,"accommodation_and_food_services_and_arts_entertainment_and_recreation",27460
"569",2014,"construction",32468
"570",2014,"education",15842
"571",2014,"finance_insurance_and_real_estate",13803
"572",2014,"health_care_social_assistance",21480
"573",2014,"information",5508
"574",2014,"manufacturing",20900
"575",2014,"other_services",31311
"576",2014,"professional_scientific_management_and_administrative_services",46190
"577",2014,"public_administration",4084
"578",2014,"retail",20412
"579",2014,"transportation_warehousing_utilities_natural_resources",11830
"580",2014,"wholesale_trade",4164
"581",2014,"other",2594
"582",2014,"management_professional",128521
"583",2014,"services",75959
"584",2014,"sales_and_office",40394
"585",2014,"construction_and_extracion",29462
"586",2014,"maintenance_and_repair",4768
"587",2014,"production_transportation_and_material_moving",21128
"588",2014,"educational_instruction_and_library_occupations",10541
"589",2014,"arts_design_entertainment_sports_and_media_occupations",8671
"590",2014,"healthcare_practitioner_and_technical_occupations",7815
"591",2014,"other_2",0
"592",2014,"individuals_below_poverty",44438
"593",2014,"individuals_above_poverty",276077
"594",2014,"not_determined",0
"595",2014,"median_personal_earnings",16967.96
"596",2014,"median_personal_earnings_excl_0_and_neg",33284.49
"597",2014,"less_than_high_school",32267
"598",2014,"high_school_graduate_ged_or_alternative_credential",83828
"599",2014,"some_college_associate_degree",61089
"600",2014,"bachelors_degree_or_higher",105130
"601",2015,"population",352879
"602",2015,"population_per",6.46
"603",2015,"young",86882
"604",2015,"middle_aged",251018
"605",2015,"old",14979
"606",2015,"female",191803
"607",2015,"male",161076
"608",2015,"widowed",9295
"609",2015,"divorced",40113
"610",2015,"separated",9802
"611",2015,"never_married_or_under_15_years_old",96484
"612",2015,"u_s_citizen_by_naturalization",460
"613",2015,"not_a_citizen_of_the_u_s",61
"614",2015,"us_citizen_by_naturalization",127996
"615",2015,"not_a_citizen_of_the_us",224883
"616",2015,"entered_us_before_2000",135973
"617",2015,"entered_us_in_2000_or_later",216906
"618",2015,"speaks_english_less_than_very_well",138462
"619",2015,"speaks_english_very_well",214417
"620",2015,"males_in_civilian_labor_force",124084
"621",2015,"females_in_civilian_labor_force",116256
"622",2015,"unemployed_males",4454
"623",2015,"unemployed_females",6776
"624",2015,"private_wage_and_salary_workers",187584
"625",2015,"government_workers",21126
"626",2015,"self_employed_not_incorporated",45291
"627",2015,"self_employed_incorporated",17429
"628",2015,"accommodation_and_food_services_and_arts_entertainment_and_recreation",30598
"629",2015,"construction",32954
"630",2015,"education",22002
"631",2015,"finance_insurance_and_real_estate",16928
"632",2015,"health_care_social_assistance",25526
"633",2015,"information",4346
"634",2015,"manufacturing",16348
"635",2015,"other_services",31747
"636",2015,"professional_scientific_management_and_administrative_services",50549
"637",2015,"public_administration",4947
"638",2015,"retail",17897
"639",2015,"transportation_warehousing_utilities_natural_resources",13575
"640",2015,"wholesale_trade",5292
"641",2015,"other",2006
"642",2015,"management_professional",139492
"643",2015,"services",81083
"644",2015,"sales_and_office",43337
"645",2015,"construction_and_extracion",25655
"646",2015,"maintenance_and_repair",4447
"647",2015,"production_transportation_and_material_moving",20607
"648",2015,"educational_instruction_and_library_occupations",14832
"649",2015,"arts_design_entertainment_sports_and_media_occupations",8380
"650",2015,"healthcare_practitioner_and_technical_occupations",11152
"651",2015,"other_2",0
"652",2015,"individuals_below_poverty",42603
"653",2015,"individuals_above_poverty",298795
"654",2015,"not_determined",0
"655",2015,"median_personal_earnings",21068.75
"656",2015,"median_personal_earnings_excl_0_and_neg",31618.75
"657",2015,"less_than_high_school",32062
"658",2015,"high_school_graduate_ged_or_alternative_credential",87257
"659",2015,"some_college_associate_degree",66543
"660",2015,"bachelors_degree_or_higher",114678
"661",2016,"population",400907
"662",2016,"population_per",13.61
"663",2016,"young",96170
"664",2016,"middle_aged",291189
"665",2016,"old",13548
"666",2016,"female",226096
"667",2016,"male",174811
"668",2016,"widowed",9367
"669",2016,"divorced",47064
"670",2016,"separated",12064
"671",2016,"never_married_or_under_15_years_old",110079
"672",2016,"u_s_citizen_by_naturalization",0
"673",2016,"not_a_citizen_of_the_u_s",308
"674",2016,"us_citizen_by_naturalization",147077
"675",2016,"not_a_citizen_of_the_us",253830
"676",2016,"entered_us_before_2000",142842
"677",2016,"entered_us_in_2000_or_later",258065
"678",2016,"speaks_english_less_than_very_well",161627
"679",2016,"speaks_english_very_well",239280
"680",2016,"males_in_civilian_labor_force",136865
"681",2016,"females_in_civilian_labor_force",133819
"682",2016,"unemployed_males",5321
"683",2016,"unemployed_females",8245
"684",2016,"private_wage_and_salary_workers",205384
"685",2016,"government_workers",18826
"686",2016,"self_employed_not_incorporated",56305
"687",2016,"self_employed_incorporated",24210
"688",2016,"accommodation_and_food_services_and_arts_entertainment_and_recreation",29806
"689",2016,"construction",36973
"690",2016,"education",19925
"691",2016,"finance_insurance_and_real_estate",18453
"692",2016,"health_care_social_assistance",31968
"693",2016,"information",5919
"694",2016,"manufacturing",25026
"695",2016,"other_services",37528
"696",2016,"professional_scientific_management_and_administrative_services",48604
"697",2016,"public_administration",5172
"698",2016,"retail",22744
"699",2016,"transportation_warehousing_utilities_natural_resources",16751
"700",2016,"wholesale_trade",7567
"701",2016,"other",2487
"702",2016,"management_professional",162962
"703",2016,"services",86274
"704",2016,"sales_and_office",54061
"705",2016,"construction_and_extracion",32825
"706",2016,"maintenance_and_repair",6181
"707",2016,"production_transportation_and_material_moving",18247
"708",2016,"educational_instruction_and_library_occupations",14061
"709",2016,"arts_design_entertainment_sports_and_media_occupations",8997
"710",2016,"healthcare_practitioner_and_technical_occupations",12434
"711",2016,"other_2",0
"712",2016,"individuals_below_poverty",56529
"713",2016,"individuals_above_poverty",339799
"714",2016,"not_determined",0
"715",2016,"median_personal_earnings",19412.6
"716",2016,"median_personal_earnings_excl_0_and_neg",31858.6
"717",2016,"less_than_high_school",34769
"718",2016,"high_school_graduate_ged_or_alternative_credential",88022
"719",2016,"some_college_associate_degree",79658
"720",2016,"bachelors_degree_or_higher",143911
"721",2017,"population",458213
"722",2017,"population_per",14.29
"723",2017,"young",111536
"724",2017,"middle_aged",331463
"725",2017,"old",15214
"726",2017,"female",255159
"727",2017,"male",203054
"728",2017,"widowed",10442
"729",2017,"divorced",42812
"730",2017,"separated",7270
"731",2017,"never_married_or_under_15_years_old",125947
"732",2017,"u_s_citizen_by_naturalization",358
"733",2017,"not_a_citizen_of_the_u_s",1423
"734",2017,"us_citizen_by_naturalization",161697
"735",2017,"not_a_citizen_of_the_us",296516
"736",2017,"entered_us_before_2000",154397
"737",2017,"entered_us_in_2000_or_later",303816
"738",2017,"speaks_english_less_than_very_well",192154
"739",2017,"speaks_english_very_well",266059
"740",2017,"males_in_civilian_labor_force",156355
"741",2017,"females_in_civilian_labor_force",153894
"742",2017,"unemployed_males",4573
"743",2017,"unemployed_females",10262
"744",2017,"private_wage_and_salary_workers",237894
"745",2017,"government_workers",24899
"746",2017,"self_employed_not_incorporated",56423
"747",2017,"self_employed_incorporated",24834
"748",2017,"accommodation_and_food_services_and_arts_entertainment_and_recreation",34621
"749",2017,"construction",46264
"750",2017,"education",26084
"751",2017,"finance_insurance_and_real_estate",21157
"752",2017,"health_care_social_assistance",30928
"753",2017,"information",7113
"754",2017,"manufacturing",24489
"755",2017,"other_services",37026
"756",2017,"professional_scientific_management_and_administrative_services",61925
"757",2017,"public_administration",7495
"758",2017,"retail",24984
"759",2017,"transportation_warehousing_utilities_natural_resources",17149
"760",2017,"wholesale_trade",7286
"761",2017,"other",3937
"762",2017,"management_professional",187027
"763",2017,"services",101719
"764",2017,"sales_and_office",56140
"765",2017,"construction_and_extracion",38401
"766",2017,"maintenance_and_repair",4990
"767",2017,"production_transportation_and_material_moving",25902
"768",2017,"educational_instruction_and_library_occupations",18153
"769",2017,"arts_design_entertainment_sports_and_media_occupations",9191
"770",2017,"healthcare_practitioner_and_technical_occupations",10634
"771",2017,"other_2",0
"772",2017,"individuals_below_poverty",62514
"773",2017,"individuals_above_poverty",389404
"774",2017,"not_determined",0
"775",2017,"median_personal_earnings",21676
"776",2017,"median_personal_earnings_excl_0_and_neg",32321
"777",2017,"less_than_high_school",24954
"778",2017,"high_school_graduate_ged_or_alternative_credential",104307
"779",2017,"some_college_associate_degree",80584
"780",2017,"bachelors_degree_or_higher",162816
"781",2018,"population",475559
"782",2018,"population_per",3.79
"783",2018,"young",117238
"784",2018,"middle_aged",338962
"785",2018,"old",18159
"786",2018,"female",264216
"787",2018,"male",211343
"788",2018,"widowed",12730
"789",2018,"divorced",48988
"790",2018,"separated",7394
"791",2018,"never_married_or_under_15_years_old",125406
"792",2018,"u_s_citizen_by_naturalization",1617
"793",2018,"not_a_citizen_of_the_u_s",757
"794",2018,"us_citizen_by_naturalization",184358
"795",2018,"not_a_citizen_of_the_us",291201
"796",2018,"entered_us_before_2000",149658
"797",2018,"entered_us_in_2000_or_later",325901
"798",2018,"speaks_english_less_than_very_well",180918
"799",2018,"speaks_english_very_well",294641
"800",2018,"males_in_civilian_labor_force",159772
"801",2018,"females_in_civilian_labor_force",156714
"802",2018,"unemployed_males",5337
"803",2018,"unemployed_females",8211
"804",2018,"private_wage_and_salary_workers",241141
"805",2018,"government_workers",26954
"806",2018,"self_employed_not_incorporated",60312
"807",2018,"self_employed_incorporated",26701
"808",2018,"accommodation_and_food_services_and_arts_entertainment_and_recreation",31475
"809",2018,"construction",43558
"810",2018,"education",26858
"811",2018,"finance_insurance_and_real_estate",20347
"812",2018,"health_care_social_assistance",35213
"813",2018,"information",6921
"814",2018,"manufacturing",25331
"815",2018,"other_services",39609
"816",2018,"professional_scientific_management_and_administrative_services",67956
"817",2018,"public_administration",8521
"818",2018,"retail",24633
"819",2018,"transportation_warehousing_utilities_natural_resources",19604
"820",2018,"wholesale_trade",7627
"821",2018,"other",2833
"822",2018,"management_professional",203290
"823",2018,"services",100101
"824",2018,"sales_and_office",56370
"825",2018,"construction_and_extracion",34127
"826",2018,"maintenance_and_repair",7185
"827",2018,"production_transportation_and_material_moving",26217
"828",2018,"educational_instruction_and_library_occupations",18073
"829",2018,"arts_design_entertainment_sports_and_media_occupations",11462
"830",2018,"healthcare_practitioner_and_technical_occupations",15831
"831",2018,"other_2",0
"832",2018,"individuals_below_poverty",46224
"833",2018,"individuals_above_poverty",423375
"834",2018,"not_determined",0
"835",2018,"median_personal_earnings",24131.4
"836",2018,"median_personal_earnings_excl_0_and_neg",35575.4
"837",2018,"less_than_high_school",19933
"838",2018,"high_school_graduate_ged_or_alternative_credential",109056
"839",2018,"some_college_associate_degree",88595
"840",2018,"bachelors_degree_or_higher",171132
"841",2019,"population",502188
"842",2019,"population_per",5.6
"843",2019,"young",132503
"844",2019,"middle_aged",351466
"845",2019,"old",18219
"846",2019,"female",268892
"847",2019,"male",233296
"848",2019,"widowed",11354
"849",2019,"divorced",46001
"850",2019,"separated",9304
"851",2019,"never_married_or_under_15_years_old",150364
"852",2019,"u_s_citizen_by_naturalization",519
"853",2019,"not_a_citizen_of_the_u_s",1336
"854",2019,"us_citizen_by_naturalization",172191
"855",2019,"not_a_citizen_of_the_us",329997
"856",2019,"entered_us_before_2000",137825
"857",2019,"entered_us_in_2000_or_later",364363
"858",2019,"speaks_english_less_than_very_well",213406
"859",2019,"speaks_english_very_well",288782
"860",2019,"males_in_civilian_labor_force",173972
"861",2019,"females_in_civilian_labor_force",149719
"862",2019,"unemployed_males",4026
"863",2019,"unemployed_females",6981
"864",2019,"private_wage_and_salary_workers",248479
"865",2019,"government_workers",27113
"866",2019,"self_employed_not_incorporated",67542
"867",2019,"self_employed_incorporated",26181
"868",2019,"accommodation_and_food_services_and_arts_entertainment_and_recreation",35805
"869",2019,"construction",54188
"870",2019,"education",27612
"871",2019,"finance_insurance_and_real_estate",25912
"872",2019,"health_care_social_assistance",26558
"873",2019,"information",6653
"874",2019,"manufacturing",23738
"875",2019,"other_services",35871
"876",2019,"professional_scientific_management_and_administrative_services",65735
"877",2019,"public_administration",7814
"878",2019,"retail",27801
"879",2019,"transportation_warehousing_utilities_natural_resources",26773
"880",2019,"wholesale_trade",6400
"881",2019,"other",2452
"882",2019,"management_professional",215618
"883",2019,"services",98458
"884",2019,"sales_and_office",59649
"885",2019,"construction_and_extracion",44594
"886",2019,"maintenance_and_repair",5250
"887",2019,"production_transportation_and_material_moving",29827
"888",2019,"educational_instruction_and_library_occupations",19673
"889",2019,"arts_design_entertainment_sports_and_media_occupations",13105
"890",2019,"healthcare_practitioner_and_technical_occupations",12899
"891",2019,"other_2",0
"892",2019,"individuals_below_poverty",74282
"893",2019,"individuals_above_poverty",420682
"894",2019,"not_determined",0
"895",2019,"median_personal_earnings",22915.42
"896",2019,"median_personal_earnings_excl_0_and_neg",44146.04
"897",2019,"less_than_high_school",29530
"898",2019,"high_school_graduate_ged_or_alternative_credential",112019
"899",2019,"some_college_associate_degree",81087
"900",2019,"bachelors_degree_or_higher",177533
